2018-05-10 00:00:00,/log,60901642
2018-05-10 00:00:00,/log/veg,21834223
2018-05-10 00:00:00,/log/fruit,39067419
2018-05-10 00:00:00,/log/veg/tomato,11012772
2018-05-10 00:00:00,/log/veg/brinjal,10821451
2018-05-10 00:00:00,/log/fruit/orange,12962445
2018-05-10 00:00:00,/log/fruit/apple,13149924
2018-05-10 00:00:00,/log/fruit/grapes,12955050
2018-05-10 00:15:00,/log,60964897
2018-05-10 00:15:00,/log/veg,21859201
2018-05-10 00:15:00,/log/fruit,39105696
2018-05-10 00:15:00,/log/veg/tomato,11022829
2018-05-10 00:15:00,/log/veg/brinjal,10836372
2018-05-10 00:15:00,/log/fruit/orange,12978017
2018-05-10 00:15:00,/log/fruit/apple,13160711
2018-05-10 00:15:00,/log/fruit/grapes,12966968
2018-05-10 00:30:00,/log,61028601
2018-05-10 00:30:00,/log/veg,21872298
2018-05-10 00:30:00,/log/fruit,39156303
2018-05-10 00:30:00,/log/veg/tomato,11029767
2018-05-10 00:30:00,/log/veg/brinjal,10842531
2018-05-10 00:30:00,/log/fruit/orange,12996263
2018-05-10 00:30:00,/log/fruit/apple,13176986
2018-05-10 00:30:00,/log/fruit/grapes,12983054
2018-05-10 00:45:00,/log,61095537
2018-05-10 00:45:00,/log/veg,21895143
2018-05-10 00:45:00,/log/fruit,39200394
2018-05-10 00:45:00,/log/veg/tomato,11046982
2018-05-10 00:45:00,/log/veg/brinjal,10848161
2018-05-10 00:45:00,/log/fruit/orange,13012487
2018-05-10 00:45:00,/log/fruit/apple,13189800
2018-05-10 00:45:00,/log/fruit/grapes,12998107
2018-05-10 01:00:00,/log,61157954
2018-05-10 01:00:00,/log/veg,21907791
2018-05-10 01:00:00,/log/fruit,39250163
2018-05-10 01:00:00,/log/veg/tomato,11053975
2018-05-10 01:00:00,/log/veg/brinjal,10853816
2018-05-10 01:00:00,/log/fruit/orange,13025049
2018-05-10 01:00:00,/log/fruit/apple,13208095
2018-05-10 01:00:00,/log/fruit/grapes,13017019
2018-05-10 01:15:00,/log,61222189
2018-05-10 01:15:00,/log/veg,21923105
2018-05-10 01:15:00,/log/fruit,39299084
2018-05-10 01:15:00,/log/veg/tomato,11062506
2018-05-10 01:15:00,/log/veg/brinjal,10860599
2018-05-10 01:15:00,/log/fruit/orange,13042712
2018-05-10 01:15:00,/log/fruit/apple,13227510
2018-05-10 01:15:00,/log/fruit/grapes,13028862
2018-05-10 01:30:00,/log,61287964
2018-05-10 01:30:00,/log/veg,21941507
2018-05-10 01:30:00,/log/fruit,39346457
2018-05-10 01:30:00,/log/veg/tomato,11073761
2018-05-10 01:30:00,/log/veg/brinjal,10867746
2018-05-10 01:30:00,/log/fruit/orange,13060896
2018-05-10 01:30:00,/log/fruit/apple,13246313
2018-05-10 01:30:00,/log/fruit/grapes,13039248
2018-05-10 01:45:00,/log,61357195
2018-05-10 01:45:00,/log/veg,21971426
2018-05-10 01:45:00,/log/fruit,39385769
2018-05-10 01:45:00,/log/veg/tomato,11086092
2018-05-10 01:45:00,/log/veg/brinjal,10885334
2018-05-10 01:45:00,/log/fruit/orange,13074270
2018-05-10 01:45:00,/log/fruit/apple,13258446
2018-05-10 01:45:00,/log/fruit/grapes,13053053
2018-05-10 02:00:00,/log,61425940
2018-05-10 02:00:00,/log/veg,22001745
2018-05-10 02:00:00,/log/fruit,39424195
2018-05-10 02:00:00,/log/veg/tomato,11097560
2018-05-10 02:00:00,/log/veg/brinjal,10904185
2018-05-10 02:00:00,/log/fruit/orange,13085844
2018-05-10 02:00:00,/log/fruit/apple,13273403
2018-05-10 02:00:00,/log/fruit/grapes,13064948
2018-05-10 02:15:00,/log,61497512
2018-05-10 02:15:00,/log/veg,22024671
2018-05-10 02:15:00,/log/fruit,39472841
2018-05-10 02:15:00,/log/veg/tomato,11113049
2018-05-10 02:15:00,/log/veg/brinjal,10911622
2018-05-10 02:15:00,/log/fruit/orange,13104105
2018-05-10 02:15:00,/log/fruit/apple,13291409
2018-05-10 02:15:00,/log/fruit/grapes,13077327
2018-05-10 02:30:00,/log,61561840
2018-05-10 02:30:00,/log/veg,22046192
2018-05-10 02:30:00,/log/fruit,39515648
2018-05-10 02:30:00,/log/veg/tomato,11120247
2018-05-10 02:30:00,/log/veg/brinjal,10925945
2018-05-10 02:30:00,/log/fruit/orange,13120254
2018-05-10 02:30:00,/log/fruit/apple,13305073
2018-05-10 02:30:00,/log/fruit/grapes,13090321
2018-05-10 02:45:00,/log,61614197
2018-05-10 02:45:00,/log/veg,22057519
2018-05-10 02:45:00,/log/fruit,39556678
2018-05-10 02:45:00,/log/veg/tomato,11125412
2018-05-10 02:45:00,/log/veg/brinjal,10932107
2018-05-10 02:45:00,/log/fruit/orange,13131308
2018-05-10 02:45:00,/log/fruit/apple,13320074
2018-05-10 02:45:00,/log/fruit/grapes,13105296
2018-05-10 03:00:00,/log,61682797
2018-05-10 03:00:00,/log/veg,22079677
2018-05-10 03:00:00,/log/fruit,39603120
2018-05-10 03:00:00,/log/veg/tomato,11135917
2018-05-10 03:00:00,/log/veg/brinjal,10943760
2018-05-10 03:00:00,/log/fruit/orange,13145195
2018-05-10 03:00:00,/log/fruit/apple,13337544
2018-05-10 03:00:00,/log/fruit/grapes,13120381
2018-05-10 03:15:00,/log,61743971
2018-05-10 03:15:00,/log/veg,22099937
2018-05-10 03:15:00,/log/fruit,39644034
2018-05-10 03:15:00,/log/veg/tomato,11146589
2018-05-10 03:15:00,/log/veg/brinjal,10953348
2018-05-10 03:15:00,/log/fruit/orange,13157612
2018-05-10 03:15:00,/log/fruit/apple,13354475
2018-05-10 03:15:00,/log/fruit/grapes,13131947
2018-05-10 03:30:00,/log,61823133
2018-05-10 03:30:00,/log/veg,22133145
2018-05-10 03:30:00,/log/fruit,39689988
2018-05-10 03:30:00,/log/veg/tomato,11166521
2018-05-10 03:30:00,/log/veg/brinjal,10966624
2018-05-10 03:30:00,/log/fruit/orange,13177170
2018-05-10 03:30:00,/log/fruit/apple,13365096
2018-05-10 03:30:00,/log/fruit/grapes,13147722
2018-05-10 03:45:00,/log,61904491
2018-05-10 03:45:00,/log/veg,22165643
2018-05-10 03:45:00,/log/fruit,39738848
2018-05-10 03:45:00,/log/veg/tomato,11186405
2018-05-10 03:45:00,/log/veg/brinjal,10979238
2018-05-10 03:45:00,/log/fruit/orange,13194735
2018-05-10 03:45:00,/log/fruit/apple,13379543
2018-05-10 03:45:00,/log/fruit/grapes,13164570
2018-05-10 04:00:00,/log,61983861
2018-05-10 04:00:00,/log/veg,22204202
2018-05-10 04:00:00,/log/fruit,39779659
2018-05-10 04:00:00,/log/veg/tomato,11206312
2018-05-10 04:00:00,/log/veg/brinjal,10997890
2018-05-10 04:00:00,/log/fruit/orange,13209697
2018-05-10 04:00:00,/log/fruit/apple,13394785
2018-05-10 04:00:00,/log/fruit/grapes,13175177
2018-05-10 04:15:00,/log,62043744
2018-05-10 04:15:00,/log/veg,22218860
2018-05-10 04:15:00,/log/fruit,39824884
2018-05-10 04:15:00,/log/veg/tomato,11211911
2018-05-10 04:15:00,/log/veg/brinjal,11006949
2018-05-10 04:15:00,/log/fruit/orange,13224083
2018-05-10 04:15:00,/log/fruit/apple,13407214
2018-05-10 04:15:00,/log/fruit/grapes,13193587
2018-05-10 04:30:00,/log,62133432
2018-05-10 04:30:00,/log/veg,22257205
2018-05-10 04:30:00,/log/fruit,39876227
2018-05-10 04:30:00,/log/veg/tomato,11230606
2018-05-10 04:30:00,/log/veg/brinjal,11026599
2018-05-10 04:30:00,/log/fruit/orange,13240153
2018-05-10 04:30:00,/log/fruit/apple,13423135
2018-05-10 04:30:00,/log/fruit/grapes,13212939
2018-05-10 04:45:00,/log,62190282
2018-05-10 04:45:00,/log/veg,22271216
2018-05-10 04:45:00,/log/fruit,39919066
2018-05-10 04:45:00,/log/veg/tomato,11238630
2018-05-10 04:45:00,/log/veg/brinjal,11032586
2018-05-10 04:45:00,/log/fruit/orange,13253448
2018-05-10 04:45:00,/log/fruit/apple,13434169
2018-05-10 04:45:00,/log/fruit/grapes,13231449
2018-05-10 05:00:00,/log,62251035
2018-05-10 05:00:00,/log/veg,22291276
2018-05-10 05:00:00,/log/fruit,39959759
2018-05-10 05:00:00,/log/veg/tomato,11250502
2018-05-10 05:00:00,/log/veg/brinjal,11040774
2018-05-10 05:00:00,/log/fruit/orange,13272865
2018-05-10 05:00:00,/log/fruit/apple,13445265
2018-05-10 05:00:00,/log/fruit/grapes,13241629
2018-05-10 05:15:00,/log,62320160
2018-05-10 05:15:00,/log/veg,22313836
2018-05-10 05:15:00,/log/fruit,40006324
2018-05-10 05:15:00,/log/veg/tomato,11264799
2018-05-10 05:15:00,/log/veg/brinjal,11049037
2018-05-10 05:15:00,/log/fruit/orange,13290388
2018-05-10 05:15:00,/log/fruit/apple,13457823
2018-05-10 05:15:00,/log/fruit/grapes,13258113
2018-05-10 05:30:00,/log,62388682
2018-05-10 05:30:00,/log/veg,22333978
2018-05-10 05:30:00,/log/fruit,40054704
2018-05-10 05:30:00,/log/veg/tomato,11272589
2018-05-10 05:30:00,/log/veg/brinjal,11061389
2018-05-10 05:30:00,/log/fruit/orange,13308170
2018-05-10 05:30:00,/log/fruit/apple,13474743
2018-05-10 05:30:00,/log/fruit/grapes,13271791
2018-05-10 05:45:00,/log,62465676
2018-05-10 05:45:00,/log/veg,22363766
2018-05-10 05:45:00,/log/fruit,40101910
2018-05-10 05:45:00,/log/veg/tomato,11282687
2018-05-10 05:45:00,/log/veg/brinjal,11081079
2018-05-10 05:45:00,/log/fruit/orange,13324117
2018-05-10 05:45:00,/log/fruit/apple,13492473
2018-05-10 05:45:00,/log/fruit/grapes,13285320
2018-05-10 06:00:00,/log,62537949
2018-05-10 06:00:00,/log/veg,22391184
2018-05-10 06:00:00,/log/fruit,40146765
2018-05-10 06:00:00,/log/veg/tomato,11294349
2018-05-10 06:00:00,/log/veg/brinjal,11096835
2018-05-10 06:00:00,/log/fruit/orange,13335573
2018-05-10 06:00:00,/log/fruit/apple,13509725
2018-05-10 06:00:00,/log/fruit/grapes,13301467
2018-05-10 06:15:00,/log,62606613
2018-05-10 06:15:00,/log/veg,22413964
2018-05-10 06:15:00,/log/fruit,40192649
2018-05-10 06:15:00,/log/veg/tomato,11300213
2018-05-10 06:15:00,/log/veg/brinjal,11113751
2018-05-10 06:15:00,/log/fruit/orange,13349228
2018-05-10 06:15:00,/log/fruit/apple,13528825
2018-05-10 06:15:00,/log/fruit/grapes,13314596
2018-05-10 06:30:00,/log,62683498
2018-05-10 06:30:00,/log/veg,22439134
2018-05-10 06:30:00,/log/fruit,40244364
2018-05-10 06:30:00,/log/veg/tomato,11317024
2018-05-10 06:30:00,/log/veg/brinjal,11122110
2018-05-10 06:30:00,/log/fruit/orange,13365166
2018-05-10 06:30:00,/log/fruit/apple,13547165
2018-05-10 06:30:00,/log/fruit/grapes,13332033
2018-05-10 06:45:00,/log,62752435
2018-05-10 06:45:00,/log/veg,22466329
2018-05-10 06:45:00,/log/fruit,40286106
2018-05-10 06:45:00,/log/veg/tomato,11330376
2018-05-10 06:45:00,/log/veg/brinjal,11135953
2018-05-10 06:45:00,/log/fruit/orange,13377926
2018-05-10 06:45:00,/log/fruit/apple,13557946
2018-05-10 06:45:00,/log/fruit/grapes,13350234
2018-05-10 07:00:00,/log,62827945
2018-05-10 07:00:00,/log/veg,22491891
2018-05-10 07:00:00,/log/fruit,40336054
2018-05-10 07:00:00,/log/veg/tomato,11345915
2018-05-10 07:00:00,/log/veg/brinjal,11145976
2018-05-10 07:00:00,/log/fruit/orange,13393942
2018-05-10 07:00:00,/log/fruit/apple,13577648
2018-05-10 07:00:00,/log/fruit/grapes,13364464
2018-05-10 07:15:00,/log,62899492
2018-05-10 07:15:00,/log/veg,22516061
2018-05-10 07:15:00,/log/fruit,40383431
2018-05-10 07:15:00,/log/veg/tomato,11360560
2018-05-10 07:15:00,/log/veg/brinjal,11155501
2018-05-10 07:15:00,/log/fruit/orange,13411617
2018-05-10 07:15:00,/log/fruit/apple,13593049
2018-05-10 07:15:00,/log/fruit/grapes,13378765
2018-05-10 07:30:00,/log,62973779
2018-05-10 07:30:00,/log/veg,22545401
2018-05-10 07:30:00,/log/fruit,40428378
2018-05-10 07:30:00,/log/veg/tomato,11379900
2018-05-10 07:30:00,/log/veg/brinjal,11165501
2018-05-10 07:30:00,/log/fruit/orange,13428412
2018-05-10 07:30:00,/log/fruit/apple,13607317
2018-05-10 07:30:00,/log/fruit/grapes,13392649
2018-05-10 07:45:00,/log,63042932
2018-05-10 07:45:00,/log/veg,22575178
2018-05-10 07:45:00,/log/fruit,40467754
2018-05-10 07:45:00,/log/veg/tomato,11391105
2018-05-10 07:45:00,/log/veg/brinjal,11184073
2018-05-10 07:45:00,/log/fruit/orange,13447186
2018-05-10 07:45:00,/log/fruit/apple,13617799
2018-05-10 07:45:00,/log/fruit/grapes,13402769
2018-05-10 08:00:00,/log,63114304
2018-05-10 08:00:00,/log/veg,22608055
2018-05-10 08:00:00,/log/fruit,40506249
2018-05-10 08:00:00,/log/veg/tomato,11409043
2018-05-10 08:00:00,/log/veg/brinjal,11199012
2018-05-10 08:00:00,/log/fruit/orange,13460020
2018-05-10 08:00:00,/log/fruit/apple,13630592
2018-05-10 08:00:00,/log/fruit/grapes,13415637
2018-05-10 08:15:00,/log,63182451
2018-05-10 08:15:00,/log/veg,22630050
2018-05-10 08:15:00,/log/fruit,40552401
2018-05-10 08:15:00,/log/veg/tomato,11421426
2018-05-10 08:15:00,/log/veg/brinjal,11208624
2018-05-10 08:15:00,/log/fruit/orange,13474397
2018-05-10 08:15:00,/log/fruit/apple,13643314
2018-05-10 08:15:00,/log/fruit/grapes,13434690
2018-05-10 08:30:00,/log,63271482
2018-05-10 08:30:00,/log/veg,22662823
2018-05-10 08:30:00,/log/fruit,40608659
2018-05-10 08:30:00,/log/veg/tomato,11434762
2018-05-10 08:30:00,/log/veg/brinjal,11228061
2018-05-10 08:30:00,/log/fruit/orange,13492022
2018-05-10 08:30:00,/log/fruit/apple,13663049
2018-05-10 08:30:00,/log/fruit/grapes,13453588
2018-05-10 08:45:00,/log,63337007
2018-05-10 08:45:00,/log/veg,22681942
2018-05-10 08:45:00,/log/fruit,40655065
2018-05-10 08:45:00,/log/veg/tomato,11442371
2018-05-10 08:45:00,/log/veg/brinjal,11239571
2018-05-10 08:45:00,/log/fruit/orange,13508163
2018-05-10 08:45:00,/log/fruit/apple,13680997
2018-05-10 08:45:00,/log/fruit/grapes,13465905
2018-05-10 09:00:00,/log,63402521
2018-05-10 09:00:00,/log/veg,22702382
2018-05-10 09:00:00,/log/fruit,40700139
2018-05-10 09:00:00,/log/veg/tomato,11456992
2018-05-10 09:00:00,/log/veg/brinjal,11245390
2018-05-10 09:00:00,/log/fruit/orange,13522795
2018-05-10 09:00:00,/log/fruit/apple,13699162
2018-05-10 09:00:00,/log/fruit/grapes,13478182
2018-05-10 09:15:00,/log,63464242
2018-05-10 09:15:00,/log/veg,22720335
2018-05-10 09:15:00,/log/fruit,40743907
2018-05-10 09:15:00,/log/veg/tomato,11466399
2018-05-10 09:15:00,/log/veg/brinjal,11253936
2018-05-10 09:15:00,/log/fruit/orange,13538377
2018-05-10 09:15:00,/log/fruit/apple,13710687
2018-05-10 09:15:00,/log/fruit/grapes,13494843
2018-05-10 09:30:00,/log,63538770
2018-05-10 09:30:00,/log/veg,22751721
2018-05-10 09:30:00,/log/fruit,40787049
2018-05-10 09:30:00,/log/veg/tomato,11480137
2018-05-10 09:30:00,/log/veg/brinjal,11271584
2018-05-10 09:30:00,/log/fruit/orange,13553668
2018-05-10 09:30:00,/log/fruit/apple,13726057
2018-05-10 09:30:00,/log/fruit/grapes,13507324
2018-05-10 09:45:00,/log,63608416
2018-05-10 09:45:00,/log/veg,22777862
2018-05-10 09:45:00,/log/fruit,40830554
2018-05-10 09:45:00,/log/veg/tomato,11498134
2018-05-10 09:45:00,/log/veg/brinjal,11279728
2018-05-10 09:45:00,/log/fruit/orange,13569971
2018-05-10 09:45:00,/log/fruit/apple,13739667
2018-05-10 09:45:00,/log/fruit/grapes,13520916
2018-05-10 10:00:00,/log,63669405
2018-05-10 10:00:00,/log/veg,22797748
2018-05-10 10:00:00,/log/fruit,40871657
2018-05-10 10:00:00,/log/veg/tomato,11504461
2018-05-10 10:00:00,/log/veg/brinjal,11293287
2018-05-10 10:00:00,/log/fruit/orange,13580355
2018-05-10 10:00:00,/log/fruit/apple,13758617
2018-05-10 10:00:00,/log/fruit/grapes,13532685
2018-05-10 10:15:00,/log,63756240
2018-05-10 10:15:00,/log/veg,22834330
2018-05-10 10:15:00,/log/fruit,40921910
2018-05-10 10:15:00,/log/veg/tomato,11522274
2018-05-10 10:15:00,/log/veg/brinjal,11312056
2018-05-10 10:15:00,/log/fruit/orange,13599018
2018-05-10 10:15:00,/log/fruit/apple,13774025
2018-05-10 10:15:00,/log/fruit/grapes,13548867
2018-05-10 10:30:00,/log,63821098
2018-05-10 10:30:00,/log/veg,22863658
2018-05-10 10:30:00,/log/fruit,40957440
2018-05-10 10:30:00,/log/veg/tomato,11538102
2018-05-10 10:30:00,/log/veg/brinjal,11325556
2018-05-10 10:30:00,/log/fruit/orange,13610779
2018-05-10 10:30:00,/log/fruit/apple,13784888
2018-05-10 10:30:00,/log/fruit/grapes,13561773
2018-05-10 10:45:00,/log,63891632
2018-05-10 10:45:00,/log/veg,22890850
2018-05-10 10:45:00,/log/fruit,41000782
2018-05-10 10:45:00,/log/veg/tomato,11545647
2018-05-10 10:45:00,/log/veg/brinjal,11345203
2018-05-10 10:45:00,/log/fruit/orange,13623274
2018-05-10 10:45:00,/log/fruit/apple,13799223
2018-05-10 10:45:00,/log/fruit/grapes,13578285
2018-05-10 11:00:00,/log,63969832
2018-05-10 11:00:00,/log/veg,22920544
2018-05-10 11:00:00,/log/fruit,41049288
2018-05-10 11:00:00,/log/veg/tomato,11560160
2018-05-10 11:00:00,/log/veg/brinjal,11360384
2018-05-10 11:00:00,/log/fruit/orange,13639393
2018-05-10 11:00:00,/log/fruit/apple,13815095
2018-05-10 11:00:00,/log/fruit/grapes,13594800
2018-05-10 11:15:00,/log,64041193
2018-05-10 11:15:00,/log/veg,22946040
2018-05-10 11:15:00,/log/fruit,41095153
2018-05-10 11:15:00,/log/veg/tomato,11574304
2018-05-10 11:15:00,/log/veg/brinjal,11371736
2018-05-10 11:15:00,/log/fruit/orange,13656137
2018-05-10 11:15:00,/log/fruit/apple,13830246
2018-05-10 11:15:00,/log/fruit/grapes,13608770
2018-05-10 11:30:00,/log,64119017
2018-05-10 11:30:00,/log/veg,22977497
2018-05-10 11:30:00,/log/fruit,41141520
2018-05-10 11:30:00,/log/veg/tomato,11592245
2018-05-10 11:30:00,/log/veg/brinjal,11385252
2018-05-10 11:30:00,/log/fruit/orange,13670613
2018-05-10 11:30:00,/log/fruit/apple,13843998
2018-05-10 11:30:00,/log/fruit/grapes,13626909
2018-05-10 11:45:00,/log,64203927
2018-05-10 11:45:00,/log/veg,23013500
2018-05-10 11:45:00,/log/fruit,41190427
2018-05-10 11:45:00,/log/veg/tomato,11609061
2018-05-10 11:45:00,/log/veg/brinjal,11404439
2018-05-10 11:45:00,/log/fruit/orange,13687779
2018-05-10 11:45:00,/log/fruit/apple,13858058
2018-05-10 11:45:00,/log/fruit/grapes,13644590
2018-05-10 12:00:00,/log,64271744
2018-05-10 12:00:00,/log/veg,23040393
2018-05-10 12:00:00,/log/fruit,41231351
2018-05-10 12:00:00,/log/veg/tomato,11624867
2018-05-10 12:00:00,/log/veg/brinjal,11415526
2018-05-10 12:00:00,/log/fruit/orange,13699580
2018-05-10 12:00:00,/log/fruit/apple,13875730
2018-05-10 12:00:00,/log/fruit/grapes,13656041
2018-05-10 12:15:00,/log,64348964
2018-05-10 12:15:00,/log/veg,23075194
2018-05-10 12:15:00,/log/fruit,41273770
2018-05-10 12:15:00,/log/veg/tomato,11640793
2018-05-10 12:15:00,/log/veg/brinjal,11434401
2018-05-10 12:15:00,/log/fruit/orange,13709970
2018-05-10 12:15:00,/log/fruit/apple,13892345
2018-05-10 12:15:00,/log/fruit/grapes,13671455
2018-05-10 12:30:00,/log,64419489
2018-05-10 12:30:00,/log/veg,23100896
2018-05-10 12:30:00,/log/fruit,41318593
2018-05-10 12:30:00,/log/veg/tomato,11660790
2018-05-10 12:30:00,/log/veg/brinjal,11440106
2018-05-10 12:30:00,/log/fruit/orange,13728604
2018-05-10 12:30:00,/log/fruit/apple,13905789
2018-05-10 12:30:00,/log/fruit/grapes,13684200
2018-05-10 12:45:00,/log,64485081
2018-05-10 12:45:00,/log/veg,23124195
2018-05-10 12:45:00,/log/fruit,41360886
2018-05-10 12:45:00,/log/veg/tomato,11667848
2018-05-10 12:45:00,/log/veg/brinjal,11456347
2018-05-10 12:45:00,/log/fruit/orange,13744175
2018-05-10 12:45:00,/log/fruit/apple,13918990
2018-05-10 12:45:00,/log/fruit/grapes,13697721
2018-05-10 13:00:00,/log,64545518
2018-05-10 13:00:00,/log/veg,23143465
2018-05-10 13:00:00,/log/fruit,41402053
2018-05-10 13:00:00,/log/veg/tomato,11676981
2018-05-10 13:00:00,/log/veg/brinjal,11466484
2018-05-10 13:00:00,/log/fruit/orange,13762535
2018-05-10 13:00:00,/log/fruit/apple,13930656
2018-05-10 13:00:00,/log/fruit/grapes,13708862
2018-05-10 13:15:00,/log,64625535
2018-05-10 13:15:00,/log/veg,23175444
2018-05-10 13:15:00,/log/fruit,41450091
2018-05-10 13:15:00,/log/veg/tomato,11692329
2018-05-10 13:15:00,/log/veg/brinjal,11483115
2018-05-10 13:15:00,/log/fruit/orange,13779145
2018-05-10 13:15:00,/log/fruit/apple,13950559
2018-05-10 13:15:00,/log/fruit/grapes,13720387
2018-05-10 13:30:00,/log,64703115
2018-05-10 13:30:00,/log/veg,23207766
2018-05-10 13:30:00,/log/fruit,41495349
2018-05-10 13:30:00,/log/veg/tomato,11710612
2018-05-10 13:30:00,/log/veg/brinjal,11497154
2018-05-10 13:30:00,/log/fruit/orange,13795579
2018-05-10 13:30:00,/log/fruit/apple,13963699
2018-05-10 13:30:00,/log/fruit/grapes,13736071
2018-05-10 13:45:00,/log,64781155
2018-05-10 13:45:00,/log/veg,23232470
2018-05-10 13:45:00,/log/fruit,41548685
2018-05-10 13:45:00,/log/veg/tomato,11726124
2018-05-10 13:45:00,/log/veg/brinjal,11506346
2018-05-10 13:45:00,/log/fruit/orange,13814174
2018-05-10 13:45:00,/log/fruit/apple,13980954
2018-05-10 13:45:00,/log/fruit/grapes,13753557
2018-05-10 14:00:00,/log,64858370
2018-05-10 14:00:00,/log/veg,23270286
2018-05-10 14:00:00,/log/fruit,41588084
2018-05-10 14:00:00,/log/veg/tomato,11746110
2018-05-10 14:00:00,/log/veg/brinjal,11524176
2018-05-10 14:00:00,/log/fruit/orange,13827233
2018-05-10 14:00:00,/log/fruit/apple,13991154
2018-05-10 14:00:00,/log/fruit/grapes,13769697
2018-05-10 14:15:00,/log,64928390
2018-05-10 14:15:00,/log/veg,23285353
2018-05-10 14:15:00,/log/fruit,41643037
2018-05-10 14:15:00,/log/veg/tomato,11753236
2018-05-10 14:15:00,/log/veg/brinjal,11532117
2018-05-10 14:15:00,/log/fruit/orange,13844465
2018-05-10 14:15:00,/log/fruit/apple,14010393
2018-05-10 14:15:00,/log/fruit/grapes,13788179
2018-05-10 14:30:00,/log,65004621
2018-05-10 14:30:00,/log/veg,23317565
2018-05-10 14:30:00,/log/fruit,41687056
2018-05-10 14:30:00,/log/veg/tomato,11767269
2018-05-10 14:30:00,/log/veg/brinjal,11550296
2018-05-10 14:30:00,/log/fruit/orange,13858048
2018-05-10 14:30:00,/log/fruit/apple,14030092
2018-05-10 14:30:00,/log/fruit/grapes,13798916
2018-05-10 14:45:00,/log,65087388
2018-05-10 14:45:00,/log/veg,23348663
2018-05-10 14:45:00,/log/fruit,41738725
2018-05-10 14:45:00,/log/veg/tomato,11785939
2018-05-10 14:45:00,/log/veg/brinjal,11562724
2018-05-10 14:45:00,/log/fruit/orange,13877534
2018-05-10 14:45:00,/log/fruit/apple,14044734
2018-05-10 14:45:00,/log/fruit/grapes,13816457
2018-05-10 15:00:00,/log,65160949
2018-05-10 15:00:00,/log/veg,23374139
2018-05-10 15:00:00,/log/fruit,41786810
2018-05-10 15:00:00,/log/veg/tomato,11796136
2018-05-10 15:00:00,/log/veg/brinjal,11578003
2018-05-10 15:00:00,/log/fruit/orange,13893298
2018-05-10 15:00:00,/log/fruit/apple,14061400
2018-05-10 15:00:00,/log/fruit/grapes,13832112
2018-05-10 15:15:00,/log,65220607
2018-05-10 15:15:00,/log/veg,23388164
2018-05-10 15:15:00,/log/fruit,41832443
2018-05-10 15:15:00,/log/veg/tomato,11802657
2018-05-10 15:15:00,/log/veg/brinjal,11585507
2018-05-10 15:15:00,/log/fruit/orange,13907567
2018-05-10 15:15:00,/log/fruit/apple,14076036
2018-05-10 15:15:00,/log/fruit/grapes,13848840
2018-05-10 15:30:00,/log,65284712
2018-05-10 15:30:00,/log/veg,23406418
2018-05-10 15:30:00,/log/fruit,41878294
2018-05-10 15:30:00,/log/veg/tomato,11814000
2018-05-10 15:30:00,/log/veg/brinjal,11592418
2018-05-10 15:30:00,/log/fruit/orange,13926248
2018-05-10 15:30:00,/log/fruit/apple,14086336
2018-05-10 15:30:00,/log/fruit/grapes,13865710
2018-05-10 15:45:00,/log,65366919
2018-05-10 15:45:00,/log/veg,23435041
2018-05-10 15:45:00,/log/fruit,41931878
2018-05-10 15:45:00,/log/veg/tomato,11832505
2018-05-10 15:45:00,/log/veg/brinjal,11602536
2018-05-10 15:45:00,/log/fruit/orange,13945830
2018-05-10 15:45:00,/log/fruit/apple,14101432
2018-05-10 15:45:00,/log/fruit/grapes,13884616
2018-05-10 16:00:00,/log,65448222
2018-05-10 16:00:00,/log/veg,23458676
2018-05-10 16:00:00,/log/fruit,41989546
2018-05-10 16:00:00,/log/veg/tomato,11843189
2018-05-10 16:00:00,/log/veg/brinjal,11615487
2018-05-10 16:00:00,/log/fruit/orange,13964254
2018-05-10 16:00:00,/log/fruit/apple,14121295
2018-05-10 16:00:00,/log/fruit/grapes,13903997
2018-05-10 16:15:00,/log,65516573
2018-05-10 16:15:00,/log/veg,23479774
2018-05-10 16:15:00,/log/fruit,42036799
2018-05-10 16:15:00,/log/veg/tomato,11854805
2018-05-10 16:15:00,/log/veg/brinjal,11624969
2018-05-10 16:15:00,/log/fruit/orange,13983841
2018-05-10 16:15:00,/log/fruit/apple,14137931
2018-05-10 16:15:00,/log/fruit/grapes,13915027
2018-05-10 16:30:00,/log,65594272
2018-05-10 16:30:00,/log/veg,23502017
2018-05-10 16:30:00,/log/fruit,42092255
2018-05-10 16:30:00,/log/veg/tomato,11868922
2018-05-10 16:30:00,/log/veg/brinjal,11633095
2018-05-10 16:30:00,/log/fruit/orange,14001641
2018-05-10 16:30:00,/log/fruit/apple,14157589
2018-05-10 16:30:00,/log/fruit/grapes,13933025
2018-05-10 16:45:00,/log,65664026
2018-05-10 16:45:00,/log/veg,23527081
2018-05-10 16:45:00,/log/fruit,42136945
2018-05-10 16:45:00,/log/veg/tomato,11883247
2018-05-10 16:45:00,/log/veg/brinjal,11643834
2018-05-10 16:45:00,/log/fruit/orange,14020609
2018-05-10 16:45:00,/log/fruit/apple,14170308
2018-05-10 16:45:00,/log/fruit/grapes,13946028
2018-05-10 17:00:00,/log,65733155
2018-05-10 17:00:00,/log/veg,23553366
2018-05-10 17:00:00,/log/fruit,42179789
2018-05-10 17:00:00,/log/veg/tomato,11899691
2018-05-10 17:00:00,/log/veg/brinjal,11653675
2018-05-10 17:00:00,/log/fruit/orange,14034421
2018-05-10 17:00:00,/log/fruit/apple,14187278
2018-05-10 17:00:00,/log/fruit/grapes,13958090
2018-05-10 17:15:00,/log,65815851
2018-05-10 17:15:00,/log/veg,23589802
2018-05-10 17:15:00,/log/fruit,42226049
2018-05-10 17:15:00,/log/veg/tomato,11918485
2018-05-10 17:15:00,/log/veg/brinjal,11671317
2018-05-10 17:15:00,/log/fruit/orange,14044936
2018-05-10 17:15:00,/log/fruit/apple,14204858
2018-05-10 17:15:00,/log/fruit/grapes,13976255
2018-05-10 17:30:00,/log,65884975
2018-05-10 17:30:00,/log/veg,23612211
2018-05-10 17:30:00,/log/fruit,42272764
2018-05-10 17:30:00,/log/veg/tomato,11926773
2018-05-10 17:30:00,/log/veg/brinjal,11685438
2018-05-10 17:30:00,/log/fruit/orange,14061161
2018-05-10 17:30:00,/log/fruit/apple,14223191
2018-05-10 17:30:00,/log/fruit/grapes,13988412
2018-05-10 17:45:00,/log,65956259
2018-05-10 17:45:00,/log/veg,23645403
2018-05-10 17:45:00,/log/fruit,42310856
2018-05-10 17:45:00,/log/veg/tomato,11940946
2018-05-10 17:45:00,/log/veg/brinjal,11704457
2018-05-10 17:45:00,/log/fruit/orange,14072781
2018-05-10 17:45:00,/log/fruit/apple,14236009
2018-05-10 17:45:00,/log/fruit/grapes,14002066
2018-05-10 18:00:00,/log,66029784
2018-05-10 18:00:00,/log/veg,23667403
2018-05-10 18:00:00,/log/fruit,42362381
2018-05-10 18:00:00,/log/veg/tomato,11948090
2018-05-10 18:00:00,/log/veg/brinjal,11719313
2018-05-10 18:00:00,/log/fruit/orange,14091378
2018-05-10 18:00:00,/log/fruit/apple,14252748
2018-05-10 18:00:00,/log/fruit/grapes,14018255
2018-05-10 18:15:00,/log,66092550
2018-05-10 18:15:00,/log/veg,23689521
2018-05-10 18:15:00,/log/fruit,42403029
2018-05-10 18:15:00,/log/veg/tomato,11962540
2018-05-10 18:15:00,/log/veg/brinjal,11726981
2018-05-10 18:15:00,/log/fruit/orange,14101839
2018-05-10 18:15:00,/log/fruit/apple,14272322
2018-05-10 18:15:00,/log/fruit/grapes,14028868
2018-05-10 18:30:00,/log,66159224
2018-05-10 18:30:00,/log/veg,23714374
2018-05-10 18:30:00,/log/fruit,42444850
2018-05-10 18:30:00,/log/veg/tomato,11976927
2018-05-10 18:30:00,/log/veg/brinjal,11737447
2018-05-10 18:30:00,/log/fruit/orange,14114703
2018-05-10 18:30:00,/log/fruit/apple,14291152
2018-05-10 18:30:00,/log/fruit/grapes,14038995
2018-05-10 18:45:00,/log,66218800
2018-05-10 18:45:00,/log/veg,23732972
2018-05-10 18:45:00,/log/fruit,42485828
2018-05-10 18:45:00,/log/veg/tomato,11983719
2018-05-10 18:45:00,/log/veg/brinjal,11749253
2018-05-10 18:45:00,/log/fruit/orange,14127097
2018-05-10 18:45:00,/log/fruit/apple,14306255
2018-05-10 18:45:00,/log/fruit/grapes,14052476
2018-05-10 19:00:00,/log,66294346
2018-05-10 19:00:00,/log/veg,23755408
2018-05-10 19:00:00,/log/fruit,42538938
2018-05-10 19:00:00,/log/veg/tomato,11995198
2018-05-10 19:00:00,/log/veg/brinjal,11760210
2018-05-10 19:00:00,/log/fruit/orange,14146352
2018-05-10 19:00:00,/log/fruit/apple,14324505
2018-05-10 19:00:00,/log/fruit/grapes,14068081
2018-05-10 19:15:00,/log,66357685
2018-05-10 19:15:00,/log/veg,23775009
2018-05-10 19:15:00,/log/fruit,42582676
2018-05-10 19:15:00,/log/veg/tomato,12001670
2018-05-10 19:15:00,/log/veg/brinjal,11773339
2018-05-10 19:15:00,/log/fruit/orange,14158607
2018-05-10 19:15:00,/log/fruit/apple,14338364
2018-05-10 19:15:00,/log/fruit/grapes,14085705
2018-05-10 19:30:00,/log,66428137
2018-05-10 19:30:00,/log/veg,23789560
2018-05-10 19:30:00,/log/fruit,42638577
2018-05-10 19:30:00,/log/veg/tomato,12007245
2018-05-10 19:30:00,/log/veg/brinjal,11782315
2018-05-10 19:30:00,/log/fruit/orange,14176276
2018-05-10 19:30:00,/log/fruit/apple,14358243
2018-05-10 19:30:00,/log/fruit/grapes,14104058
2018-05-10 19:45:00,/log,66501350
2018-05-10 19:45:00,/log/veg,23818961
2018-05-10 19:45:00,/log/fruit,42682389
2018-05-10 19:45:00,/log/veg/tomato,12019972
2018-05-10 19:45:00,/log/veg/brinjal,11798989
2018-05-10 19:45:00,/log/fruit/orange,14191201
2018-05-10 19:45:00,/log/fruit/apple,14372209
2018-05-10 19:45:00,/log/fruit/grapes,14118979
2018-05-10 20:00:00,/log,66565921
2018-05-10 20:00:00,/log/veg,23843325
2018-05-10 20:00:00,/log/fruit,42722596
2018-05-10 20:00:00,/log/veg/tomato,12031517
2018-05-10 20:00:00,/log/veg/brinjal,11811808
2018-05-10 20:00:00,/log/fruit/orange,14204214
2018-05-10 20:00:00,/log/fruit/apple,14387362
2018-05-10 20:00:00,/log/fruit/grapes,14131020
2018-05-10 20:15:00,/log,66646716
2018-05-10 20:15:00,/log/veg,23869878
2018-05-10 20:15:00,/log/fruit,42776838
2018-05-10 20:15:00,/log/veg/tomato,12038561
2018-05-10 20:15:00,/log/veg/brinjal,11831317
2018-05-10 20:15:00,/log/fruit/orange,14219799
2018-05-10 20:15:00,/log/fruit/apple,14406918
2018-05-10 20:15:00,/log/fruit/grapes,14150121
2018-05-10 20:30:00,/log,66708363
2018-05-10 20:30:00,/log/veg,23891916
2018-05-10 20:30:00,/log/fruit,42816447
2018-05-10 20:30:00,/log/veg/tomato,12047157
2018-05-10 20:30:00,/log/veg/brinjal,11844759
2018-05-10 20:30:00,/log/fruit/orange,14236357
2018-05-10 20:30:00,/log/fruit/apple,14417034
2018-05-10 20:30:00,/log/fruit/grapes,14163056
2018-05-10 20:45:00,/log,66764660
2018-05-10 20:45:00,/log/veg,23904552
2018-05-10 20:45:00,/log/fruit,42860108
2018-05-10 20:45:00,/log/veg/tomato,12052179
2018-05-10 20:45:00,/log/veg/brinjal,11852373
2018-05-10 20:45:00,/log/fruit/orange,14252920
2018-05-10 20:45:00,/log/fruit/apple,14429862
2018-05-10 20:45:00,/log/fruit/grapes,14177326
2018-05-10 21:00:00,/log,66839789
2018-05-10 21:00:00,/log/veg,23932103
2018-05-10 21:00:00,/log/fruit,42907686
2018-05-10 21:00:00,/log/veg/tomato,12067852
2018-05-10 21:00:00,/log/veg/brinjal,11864251
2018-05-10 21:00:00,/log/fruit/orange,14264474
2018-05-10 21:00:00,/log/fruit/apple,14449413
2018-05-10 21:00:00,/log/fruit/grapes,14193799
2018-05-10 21:15:00,/log,66921690
2018-05-10 21:15:00,/log/veg,23963505
2018-05-10 21:15:00,/log/fruit,42958185
2018-05-10 21:15:00,/log/veg/tomato,12080438
2018-05-10 21:15:00,/log/veg/brinjal,11883067
2018-05-10 21:15:00,/log/fruit/orange,14283861
2018-05-10 21:15:00,/log/fruit/apple,14461950
2018-05-10 21:15:00,/log/fruit/grapes,14212374
2018-05-10 21:30:00,/log,67002783
2018-05-10 21:30:00,/log/veg,23995321
2018-05-10 21:30:00,/log/fruit,43007462
2018-05-10 21:30:00,/log/veg/tomato,12099203
2018-05-10 21:30:00,/log/veg/brinjal,11896118
2018-05-10 21:30:00,/log/fruit/orange,14301317
2018-05-10 21:30:00,/log/fruit/apple,14480006
2018-05-10 21:30:00,/log/fruit/grapes,14226139
2018-05-10 21:45:00,/log,67065580
2018-05-10 21:45:00,/log/veg,24014854
2018-05-10 21:45:00,/log/fruit,43050726
2018-05-10 21:45:00,/log/veg/tomato,12113562
2018-05-10 21:45:00,/log/veg/brinjal,11901292
2018-05-10 21:45:00,/log/fruit/orange,14317379
2018-05-10 21:45:00,/log/fruit/apple,14492065
2018-05-10 21:45:00,/log/fruit/grapes,14241282
2018-05-10 22:00:00,/log,67136764
2018-05-10 22:00:00,/log/veg,24038021
2018-05-10 22:00:00,/log/fruit,43098743
2018-05-10 22:00:00,/log/veg/tomato,12127767
2018-05-10 22:00:00,/log/veg/brinjal,11910254
2018-05-10 22:00:00,/log/fruit/orange,14336675
2018-05-10 22:00:00,/log/fruit/apple,14505813
2018-05-10 22:00:00,/log/fruit/grapes,14256255
2018-05-10 22:15:00,/log,67206674
2018-05-10 22:15:00,/log/veg,24059664
2018-05-10 22:15:00,/log/fruit,43147010
2018-05-10 22:15:00,/log/veg/tomato,12137990
2018-05-10 22:15:00,/log/veg/brinjal,11921674
2018-05-10 22:15:00,/log/fruit/orange,14349677
2018-05-10 22:15:00,/log/fruit/apple,14524323
2018-05-10 22:15:00,/log/fruit/grapes,14273010
2018-05-10 22:30:00,/log,67278107
2018-05-10 22:30:00,/log/veg,24088441
2018-05-10 22:30:00,/log/fruit,43189666
2018-05-10 22:30:00,/log/veg/tomato,12151407
2018-05-10 22:30:00,/log/veg/brinjal,11937034
2018-05-10 22:30:00,/log/fruit/orange,14362340
2018-05-10 22:30:00,/log/fruit/apple,14541681
2018-05-10 22:30:00,/log/fruit/grapes,14285645
2018-05-10 22:45:00,/log,67355609
2018-05-10 22:45:00,/log/veg,24117972
2018-05-10 22:45:00,/log/fruit,43237637
2018-05-10 22:45:00,/log/veg/tomato,12161867
2018-05-10 22:45:00,/log/veg/brinjal,11956105
2018-05-10 22:45:00,/log/fruit/orange,14376398
2018-05-10 22:45:00,/log/fruit/apple,14557418
2018-05-10 22:45:00,/log/fruit/grapes,14303821
2018-05-10 23:00:00,/log,67424570
2018-05-10 23:00:00,/log/veg,24146290
2018-05-10 23:00:00,/log/fruit,43278280
2018-05-10 23:00:00,/log/veg/tomato,12176487
2018-05-10 23:00:00,/log/veg/brinjal,11969803
2018-05-10 23:00:00,/log/fruit/orange,14390226
2018-05-10 23:00:00,/log/fruit/apple,14568694
2018-05-10 23:00:00,/log/fruit/grapes,14319360
2018-05-10 23:15:00,/log,67492952
2018-05-10 23:15:00,/log/veg,24168843
2018-05-10 23:15:00,/log/fruit,43324109
2018-05-10 23:15:00,/log/veg/tomato,12190921
2018-05-10 23:15:00,/log/veg/brinjal,11977922
2018-05-10 23:15:00,/log/fruit/orange,14408992
2018-05-10 23:15:00,/log/fruit/apple,14583743
2018-05-10 23:15:00,/log/fruit/grapes,14331374
2018-05-10 23:30:00,/log,67570468
2018-05-10 23:30:00,/log/veg,24192555
2018-05-10 23:30:00,/log/fruit,43377913
2018-05-10 23:30:00,/log/veg/tomato,12199975
2018-05-10 23:30:00,/log/veg/brinjal,11992580
2018-05-10 23:30:00,/log/fruit/orange,14426159
2018-05-10 23:30:00,/log/fruit/apple,14602652
2018-05-10 23:30:00,/log/fruit/grapes,14349102
2018-05-10 23:45:00,/log,67652159
2018-05-10 23:45:00,/log/veg,24223247
2018-05-10 23:45:00,/log/fruit,43428912
2018-05-10 23:45:00,/log/veg/tomato,12219914
2018-05-10 23:45:00,/log/veg/brinjal,12003333
2018-05-10 23:45:00,/log/fruit/orange,14442394
2018-05-10 23:45:00,/log/fruit/apple,14617426
2018-05-10 23:45:00,/log/fruit/grapes,14369092
